No,id,created_at,username,tweet_text,metrics,like_count
1,2.10429e+18,Sun Sep 27 19:34:47 +0000 2026,PlG_X_fvckB4N,"@kenhans03 Lucu dan sangat terinspirasi pembicaraannya, benar gak @prabowo ? Indonesia baru saja di buat proyek asal ambruk. Di luar negeri sudah puluhan tahun dan tidak ada keracunan, jika ada keracunan pihak pengawas mengundurkan diri, kalau indonesia No 1 bertahan asalkan uang APBN.","likes: 5, retweets: 0",5
2,2.10425e+18,Sun Sep 27 17:00:23 +0000 2026,Nama_Twitku,@tham878 Prabowo cerdas ga akan disentuh soal pendidikan LN-nya Gibran plonga plongo gitu yo pasti direcokin sola sejaran sekolah LN-nya Orang belajar di LN kok kyk gitu...plongo banget..😭,"likes: 2, retweets: 0",2
3,2.10426e+18,Sun Sep 27 17:39:45 +0000 2026,saputraye,"duluan mane nih kira-kira antara dapet tukeran caad, kebeli rims carbon, atau prabowo lengser","likes: 1, retweets: 0",1
4,2.10433e+18,Sun Sep 27 22:18:28 +0000 2026,Sukirman2019,@NenkMonica Pejabat2 era prabowo ini bukannya berlomba prestasi tapi berlomba pamer barang mewah. Tinggal nunggu aja saatnya rezim ini hits the bottom.,"likes: 0, retweets: 0",0
5,2.10432e+18,Sun Sep 27 21:39:05 +0000 2026,dwi_brom,"@ike_hw71 Bapak ini spt nya juga tdk terlalu suka dengan langkah Ombudsman ‘menertibkan’ penjara, yg bisa berarti juga tidak suka Indonesia menjadi negara ‘bersih’. Apa msh perlu dipertahankan jabatanya ya pak @prabowo ? @Yusrilihza_Mhd","likes: 0, retweets: 0",0
6,2.10434e+18,Sun Sep 27 22:57:21 +0000 2026,azipocere,Prabowo,"likes: 0, retweets: 0",0
7,2.10435e+18,Sun Sep 27 23:15:48 +0000 2026,yzf_fm,"@senogp Sadar wok @prabowo , tiw kasih tunjuk nih suami lu @setkabgoid https://t.co/CPQTFKOTuv","likes: 0, retweets: 0",0
8,2.1043e+18,Sun Sep 27 20:14:58 +0000 2026,Bakhjatul,"@yonobubut70 @prabowo @gibran_tweet Anak haram' konstitusi, pecandu narkoba, planga-plongo akibat over dosis, kalau bicara gak nyambung","likes: 0, retweets: 0",0
9,2.10431e+18,Sun Sep 27 20:59:18 +0000 2026,presidenajel,omg this is insane. we aren’t mad enough kah? you ARE failed us. hope u rot in the deepest hell @prabowo,"likes: 0, retweets: 0",0
10,2.10427e+18,Sun Sep 27 18:16:40 +0000 2026,ferizandra,@SalingJagaWarga Jadi ingat omongan orang yg sama saat ada bencana di Sumatra... dia bilang Prabowo udah mengerahkan 50 helikopter untuk membantu korban banjir dan longsor... Sementara kita tahu korban bencana terbantu oleh donasi warga...,"likes: 0, retweets: 0",0
11,2.10428e+18,Sun Sep 27 19:00:04 +0000 2026,dexfutif,"@jasmine_minemin @independentjawa @Gerindra @prabowo ya itu kan menurut lu... orang tolol yg ngga bisa mikir panjang. buat ekonomi desa penting koperasi ini, karena cuma koperasi yg bisa nyalurin barang subsidi, yg harganya terjangkau","likes: 0, retweets: 0",0
12,2.10424e+18,Sun Sep 27 16:20:41 +0000 2026,najuhonrap,coba lu ganti mabok woke jadi mabok MBG. opini lu selevel sama pidato Prabowo yang selalu menyanjung program dia.,"likes: 0, retweets: 0",0
13,2.10423e+18,Sun Sep 27 15:41:29 +0000 2026,wazderer,"abis baca islam ala prabowo ya kak, makanya jadi tolol gini","likes: 0, retweets: 0",0
14,2.10422e+18,Sun Sep 27 15:01:33 +0000 2026,CocoLatii,"@sibambaang 2029 pembuktiannya, siapa sebenarnya yg paling ahli politik... 1. poros Jokowi  2. poros Prabowo  3. poros Megawati  4. poros SBY","likes: 0, retweets: 0",0
15,2.10421e+18,Sun Sep 27 14:22:00 +0000 2026,al_thighnariy,"Tadi mimpi prabowo tpi yg barengin blio bukan teddy, siapa ya? Wajahnya familiar","likes: 0, retweets: 0",0
